variant,max_abs,max_rel,mean_abs,matched_ratio,selected_experts
fp32,0.0,0.0,0.0,1.0,7
bf16,2048.0,8.468879699707031,58.84522247314453,0.9581871811224489,7
f16,2048.0,2.175438642501831,7.604357719421387,0.9949378188775511,7
